Country Name,Country Code,Series Name,Series Code,2017 [YR2017]
Afghanistan,AFG,Population growth (annual %),SP.POP.GROW,2.54834664435549
Afghanistan,AFG,Population density (people per sq. km of land area),EN.POP.DNST,55.5959930153479
Afghanistan,AFG,Net migration,SM.POP.NETM,-314602
Afghanistan,AFG,"International tourism, receipts (current US$)",ST.INT.RCPT.CD,16000000
Albania,ALB,Population growth (annual %),SP.POP.GROW,-0.0919722937442495
Albania,ALB,Population density (people per sq. km of land area),EN.POP.DNST,104.870693430657
Albania,ALB,Net migration,SM.POP.NETM,-69998
Albania,ALB,"International tourism, receipts (current US$)",ST.INT.RCPT.CD,2050000000
Algeria,DZA,Population growth (annual %),SP.POP.GROW,2.0449525028769
Algeria,DZA,Population density (people per sq. km of land area),EN.POP.DNST,17.3777073157829
Algeria,DZA,Net migration,SM.POP.NETM,-50002
Algeria,DZA,"International tourism, receipts (current US$)",ST.INT.RCPT.CD,171000000
American Samoa,ASM,Population growth (annual %),SP.POP.GROW,-0.217311352480231
American Samoa,ASM,Population density (people per sq. km of land area),EN.POP.DNST,278.1
American Samoa,ASM,Net migration,SM.POP.NETM,..
American Samoa,ASM,"International tourism, receipts (current US$)",ST.INT.RCPT.CD,22000000
Andorra,AND,Population growth (annual %),SP.POP.GROW,-0.383673622609079
Andorra,AND,Population density (people per sq. km of land area),EN.POP.DNST,163.831914893617
Andorra,AND,Net migration,SM.POP.NETM,..
Andorra,AND,"International tourism, receipts (current US$)",ST.INT.RCPT.CD,..
Angola,AGO,Population growth (annual %),SP.POP.GROW,3.32208099815609
Angola,AGO,Population density (people per sq. km of land area),EN.POP.DNST,23.9165380604797
Angola,AGO,Net migration,SM.POP.NETM,32066
Angola,AGO,"International tourism, receipts (current US$)",ST.INT.RCPT.CD,884000000
Antigua and Barbuda,ATG,Population growth (annual %),SP.POP.GROW,0.946557003363731
Antigua and Barbuda,ATG,Population density (people per sq. km of land area),EN.POP.DNST,216.877272727273
Antigua and Barbuda,ATG,Net migration,SM.POP.NETM,0
Antigua and Barbuda,ATG,"International tourism, receipts (current US$)",ST.INT.RCPT.CD,820000000
Arab World,ARB,Population growth (annual %),SP.POP.GROW,1.94902370199466
Arab World,ARB,Population density (people per sq. km of land area),EN.POP.DNST,31.486488446621
Arab World,ARB,Net migration,SM.POP.NETM,-1408824
Arab World,ARB,"International tourism, receipts (current US$)",ST.INT.RCPT.CD,100526559804.545
Argentina,ARG,Population growth (annual %),SP.POP.GROW,1.03713389686514
Argentina,ARG,Population density (people per sq. km of land area),EN.POP.DNST,16.0941907925267
Argentina,ARG,Net migration,SM.POP.NETM,24000
Argentina,ARG,"International tourism, receipts (current US$)",ST.INT.RCPT.CD,5830000000
Armenia,ARM,Population growth (annual %),SP.POP.GROW,0.294612227638995
Armenia,ARM,Population density (people per sq. km of land area),EN.POP.DNST,103.435511064278
Armenia,ARM,Net migration,SM.POP.NETM,-24989
Armenia,ARM,"International tourism, receipts (current US$)",ST.INT.RCPT.CD,1224000000
Aruba,ABW,Population growth (annual %),SP.POP.GROW,0.469944452626446
Aruba,ABW,Population density (people per sq. km of land area),EN.POP.DNST,585.366666666667
Aruba,ABW,Net migration,SM.POP.NETM,1004
Aruba,ABW,"International tourism, receipts (current US$)",ST.INT.RCPT.CD,1855000000
Australia,AUS,Population growth (annual %),SP.POP.GROW,1.68452310845434
Australia,AUS,Population density (people per sq. km of land area),EN.POP.DNST,3.19836141871706
Australia,AUS,Net migration,SM.POP.NETM,791229
Australia,AUS,"International tourism, receipts (current US$)",ST.INT.RCPT.CD,43975000000
Austria,AUT,Population growth (annual %),SP.POP.GROW,0.694621103604983
Austria,AUT,Population density (people per sq. km of land area),EN.POP.DNST,106.61131846825
Austria,AUT,Net migration,SM.POP.NETM,324998
Austria,AUT,"International tourism, receipts (current US$)",ST.INT.RCPT.CD,22424000000
Azerbaijan,AZE,Population growth (annual %),SP.POP.GROW,0.98126180450475
Azerbaijan,AZE,Population density (people per sq. km of land area),EN.POP.DNST,119.208741622511
Azerbaijan,AZE,Net migration,SM.POP.NETM,6002
Azerbaijan,AZE,"International tourism, receipts (current US$)",ST.INT.RCPT.CD,3214000000
"Bahamas, The",BHS,Population growth (annual %),SP.POP.GROW,1.0083119078241
"Bahamas, The",BHS,Population density (people per sq. km of land area),EN.POP.DNST,38.137962037962
"Bahamas, The",BHS,Net migration,SM.POP.NETM,4999
"Bahamas, The",BHS,"International tourism, receipts (current US$)",ST.INT.RCPT.CD,3017000000
Bahrain,BHR,Population growth (annual %),SP.POP.GROW,4.67798695074415
Bahrain,BHR,Population density (people per sq. km of land area),EN.POP.DNST,1915.47948717949
Bahrain,BHR,Net migration,SM.POP.NETM,239000
Bahrain,BHR,"International tourism, receipts (current US$)",ST.INT.RCPT.CD,4380000000
Bangladesh,BGD,Population growth (annual %),SP.POP.GROW,1.0702440222443
Bangladesh,BGD,Population density (people per sq. km of land area),EN.POP.DNST,1226.63127448721
Bangladesh,BGD,Net migration,SM.POP.NETM,-1847503
Bangladesh,BGD,"International tourism, receipts (current US$)",ST.INT.RCPT.CD,348000000
Barbados,BRB,Population growth (annual %),SP.POP.GROW,0.152789486202053
Barbados,BRB,Population density (people per sq. km of land area),EN.POP.DNST,665.658139534884
Barbados,BRB,Net migration,SM.POP.NETM,-397
Barbados,BRB,"International tourism, receipts (current US$)",ST.INT.RCPT.CD,..
Belarus,BLR,Population growth (annual %),SP.POP.GROW,-0.0344214189254713
Belarus,BLR,Population density (people per sq. km of land area),EN.POP.DNST,46.7917828464456
Belarus,BLR,Net migration,SM.POP.NETM,43648
Belarus,BLR,"International tourism, receipts (current US$)",ST.INT.RCPT.CD,1124500000
Belgium,BEL,Population growth (annual %),SP.POP.GROW,0.385228018372369
Belgium,BEL,Population density (people per sq. km of land area),EN.POP.DNST,375.66571994716
Belgium,BEL,Net migration,SM.POP.NETM,240000
Belgium,BEL,"International tourism, receipts (current US$)",ST.INT.RCPT.CD,9636000000
Belize,BLZ,Population growth (annual %),SP.POP.GROW,1.9805288509134
Belize,BLZ,Population density (people per sq. km of land area),EN.POP.DNST,16.4738711091626
Belize,BLZ,Net migration,SM.POP.NETM,6000
Belize,BLZ,"International tourism, receipts (current US$)",ST.INT.RCPT.CD,..
Benin,BEN,Population growth (annual %),SP.POP.GROW,2.75005559171415
Benin,BEN,Population density (people per sq. km of land area),EN.POP.DNST,99.1061014544165
Benin,BEN,Net migration,SM.POP.NETM,-10000
Benin,BEN,"International tourism, receipts (current US$)",ST.INT.RCPT.CD,160000000
Bermuda,BMU,Population growth (annual %),SP.POP.GROW,-1.05493075564644
Bermuda,BMU,Population density (people per sq. km of land area),EN.POP.DNST,1182.83333333333
Bermuda,BMU,Net migration,SM.POP.NETM,..
Bermuda,BMU,"International tourism, receipts (current US$)",ST.INT.RCPT.CD,513000000
Bhutan,BTN,Population growth (annual %),SP.POP.GROW,1.19533737394963
Bhutan,BTN,Population density (people per sq. km of land area),EN.POP.DNST,19.5461409395973
Bhutan,BTN,Net migration,SM.POP.NETM,1600
Bhutan,BTN,"International tourism, receipts (current US$)",ST.INT.RCPT.CD,153000000
Bolivia,BOL,Population growth (annual %),SP.POP.GROW,1.4492349296925
Bolivia,BOL,Population density (people per sq. km of land area),EN.POP.DNST,10.3321831440967
Bolivia,BOL,Net migration,SM.POP.NETM,-47520
Bolivia,BOL,"International tourism, receipts (current US$)",ST.INT.RCPT.CD,928000000
Bosnia and Herzegovina,BIH,Population growth (annual %),SP.POP.GROW,-1.03120718295496
Bosnia and Herzegovina,BIH,Population density (people per sq. km of land area),EN.POP.DNST,65.45951171875
Bosnia and Herzegovina,BIH,Net migration,SM.POP.NETM,-107926
Bosnia and Herzegovina,BIH,"International tourism, receipts (current US$)",ST.INT.RCPT.CD,984000000
Botswana,BWA,Population growth (annual %),SP.POP.GROW,2.0703261666536
Botswana,BWA,Population density (people per sq. km of land area),EN.POP.DNST,3.89096748010516
Botswana,BWA,Net migration,SM.POP.NETM,14999
Botswana,BWA,"International tourism, receipts (current US$)",ST.INT.RCPT.CD,542599975.585938
Brazil,BRA,Population growth (annual %),SP.POP.GROW,0.807147162261819
Brazil,BRA,Population density (people per sq. km of land area),EN.POP.DNST,24.8660384966033
Brazil,BRA,Net migration,SM.POP.NETM,106000
Brazil,BRA,"International tourism, receipts (current US$)",ST.INT.RCPT.CD,6175000000
British Virgin Islands,VGB,Population growth (annual %),SP.POP.GROW,0.753414274486463
British Virgin Islands,VGB,Population density (people per sq. km of land area),EN.POP.DNST,197.18
British Virgin Islands,VGB,Net migration,SM.POP.NETM,..
British Virgin Islands,VGB,"International tourism, receipts (current US$)",ST.INT.RCPT.CD,..
Brunei Darussalam,BRN,Population growth (annual %),SP.POP.GROW,1.10699921017513
Brunei Darussalam,BRN,Population density (people per sq. km of land area),EN.POP.DNST,80.5451612903226
Brunei Darussalam,BRN,Net migration,SM.POP.NETM,0
Brunei Darussalam,BRN,"International tourism, receipts (current US$)",ST.INT.RCPT.CD,177000000
Bulgaria,BGR,Population growth (annual %),SP.POP.GROW,-0.730443175298289
Bulgaria,BGR,Population density (people per sq. km of land area),EN.POP.DNST,65.1800571112749
Bulgaria,BGR,Net migration,SM.POP.NETM,-24001
Bulgaria,BGR,"International tourism, receipts (current US$)",ST.INT.RCPT.CD,4678000000
Burkina Faso,BFA,Population growth (annual %),SP.POP.GROW,2.89085080621834
Burkina Faso,BFA,Population density (people per sq. km of land area),EN.POP.DNST,70.1508918128655
Burkina Faso,BFA,Net migration,SM.POP.NETM,-125000
Burkina Faso,BFA,"International tourism, receipts (current US$)",ST.INT.RCPT.CD,172000000
Burundi,BDI,Population growth (annual %),SP.POP.GROW,3.18136752395714
Burundi,BDI,Population density (people per sq. km of land area),EN.POP.DNST,421.61308411215
Burundi,BDI,Net migration,SM.POP.NETM,10003
Burundi,BDI,"International tourism, receipts (current US$)",ST.INT.RCPT.CD,..
Cabo Verde,CPV,Population growth (annual %),SP.POP.GROW,1.188624222256
Cabo Verde,CPV,Population density (people per sq. km of land area),EN.POP.DNST,133.373945409429
Cabo Verde,CPV,Net migration,SM.POP.NETM,-6709
Cabo Verde,CPV,"International tourism, receipts (current US$)",ST.INT.RCPT.CD,451000000
Cambodia,KHM,Population growth (annual %),SP.POP.GROW,1.53026174547268
Cambodia,KHM,Population density (people per sq. km of land area),EN.POP.DNST,90.6946181735781
Cambodia,KHM,Net migration,SM.POP.NETM,-149999
Cambodia,KHM,"International tourism, receipts (current US$)",ST.INT.RCPT.CD,4024000000
Cameroon,CMR,Population growth (annual %),SP.POP.GROW,2.63769436262766
Cameroon,CMR,Population density (people per sq. km of land area),EN.POP.DNST,51.9685325040723
Cameroon,CMR,Net migration,SM.POP.NETM,-24000
Cameroon,CMR,"International tourism, receipts (current US$)",ST.INT.RCPT.CD,544000000
Canada,CAN,Population growth (annual %),SP.POP.GROW,1.19428049219424
Canada,CAN,Population density (people per sq. km of land area),EN.POP.DNST,4.07595272592211
Canada,CAN,Net migration,SM.POP.NETM,1210159
Canada,CAN,"International tourism, receipts (current US$)",ST.INT.RCPT.CD,..
Caribbean small states,CSS,Population growth (annual %),SP.POP.GROW,0.627302034491223
Caribbean small states,CSS,Population density (people per sq. km of land area),EN.POP.DNST,18.0683858219093
Caribbean small states,CSS,Net migration,SM.POP.NETM,-87055
Caribbean small states,CSS,"International tourism, receipts (current US$)",ST.INT.RCPT.CD,..
Cayman Islands,CYM,Population growth (annual %),SP.POP.GROW,1.29099616781982
Cayman Islands,CYM,Population density (people per sq. km of land area),EN.POP.DNST,264.091666666667
Cayman Islands,CYM,Net migration,SM.POP.NETM,..
Cayman Islands,CYM,"International tourism, receipts (current US$)",ST.INT.RCPT.CD,785000000
Central African Republic,CAF,Population growth (annual %),SP.POP.GROW,1.27750413591005
Central African Republic,CAF,Population density (people per sq. km of land area),EN.POP.DNST,7.37748884394363
Central African Republic,CAF,Net migration,SM.POP.NETM,-200000
Central African Republic,CAF,"International tourism, receipts (current US$)",ST.INT.RCPT.CD,..
Central Europe and the Baltics,CEB,Population growth (annual %),SP.POP.GROW,-0.248193399637202
Central Europe and the Baltics,CEB,Population density (people per sq. km of land area),EN.POP.DNST,92.8644586859371
Central Europe and the Baltics,CEB,Net migration,SM.POP.NETM,-642033
Central Europe and the Baltics,CEB,"International tourism, receipts (current US$)",ST.INT.RCPT.CD,58829311855.6386
Chad,TCD,Population growth (annual %),SP.POP.GROW,3.07753170826125
Chad,TCD,Population density (people per sq. km of land area),EN.POP.DNST,11.9256456480305
Chad,TCD,Net migration,SM.POP.NETM,10000
Chad,TCD,"International tourism, receipts (current US$)",ST.INT.RCPT.CD,..
Channel Islands,CHI,Population growth (annual %),SP.POP.GROW,1.03818709042402
Channel Islands,CHI,Population density (people per sq. km of land area),EN.POP.DNST,851.843434343434
Channel Islands,CHI,Net migration,SM.POP.NETM,6754
Channel Islands,CHI,"International tourism, receipts (current US$)",ST.INT.RCPT.CD,..
Chile,CHL,Population growth (annual %),SP.POP.GROW,1.42518504417829
Chile,CHL,Population density (people per sq. km of land area),EN.POP.DNST,24.8414849663498
Chile,CHL,Net migration,SM.POP.NETM,558539
Chile,CHL,"International tourism, receipts (current US$)",ST.INT.RCPT.CD,4115000000
China,CHN,Population growth (annual %),SP.POP.GROW,0.559121331017265
China,CHN,Population density (people per sq. km of land area),EN.POP.DNST,147.102282546731
China,CHN,Net migration,SM.POP.NETM,-1741996
China,CHN,"International tourism, receipts (current US$)",ST.INT.RCPT.CD,..
Colombia,COL,Population growth (annual %),SP.POP.GROW,1.51374743470421
Colombia,COL,Population density (people per sq. km of land area),EN.POP.DNST,44.0827796304642
Colombia,COL,Net migration,SM.POP.NETM,1023981
Colombia,COL,"International tourism, receipts (current US$)",ST.INT.RCPT.CD,5882000000
Comoros,COM,Population growth (annual %),SP.POP.GROW,2.27411874422507
Comoros,COM,Population density (people per sq. km of land area),EN.POP.DNST,437.34121440086
Comoros,COM,Net migration,SM.POP.NETM,-10000
Comoros,COM,"International tourism, receipts (current US$)",ST.INT.RCPT.CD,60599998.4741211
"Congo, Dem. Rep.",COD,Population growth (annual %),SP.POP.GROW,3.25850835081213
"Congo, Dem. Rep.",COD,Population density (people per sq. km of land area),EN.POP.DNST,35.9051472177499
"Congo, Dem. Rep.",COD,Net migration,SM.POP.NETM,119303
"Congo, Dem. Rep.",COD,"International tourism, receipts (current US$)",ST.INT.RCPT.CD,6000000
"Congo, Rep.",COG,Population growth (annual %),SP.POP.GROW,2.57062991427374
"Congo, Rep.",COG,Population density (people per sq. km of land area),EN.POP.DNST,14.9654524158126
"Congo, Rep.",COG,Net migration,SM.POP.NETM,-20000
"Congo, Rep.",COG,"International tourism, receipts (current US$)",ST.INT.RCPT.CD,..
Costa Rica,CRI,Population growth (annual %),SP.POP.GROW,1.02767608960277
Costa Rica,CRI,Population density (people per sq. km of land area),EN.POP.DNST,96.9438699569134
Costa Rica,CRI,Net migration,SM.POP.NETM,21000
Costa Rica,CRI,"International tourism, receipts (current US$)",ST.INT.RCPT.CD,3758000000
Cote d'Ivoire,CIV,Population growth (annual %),SP.POP.GROW,2.54780738985139
Cote d'Ivoire,CIV,Population density (people per sq. km of land area),EN.POP.DNST,76.8473867924528
Cote d'Ivoire,CIV,Net migration,SM.POP.NETM,-40000
Cote d'Ivoire,CIV,"International tourism, receipts (current US$)",ST.INT.RCPT.CD,509000000
Croatia,HRV,Population growth (annual %),SP.POP.GROW,-1.20061016480925
Croatia,HRV,Population density (people per sq. km of land area),EN.POP.DNST,72.8844495493904
Croatia,HRV,Net migration,SM.POP.NETM,-40004
Croatia,HRV,"International tourism, receipts (current US$)",ST.INT.RCPT.CD,10528000000
Cuba,CUB,Population growth (annual %),SP.POP.GROW,0.036605210309197
Cuba,CUB,Population density (people per sq. km of land area),EN.POP.DNST,109.241416184971
Cuba,CUB,Net migration,SM.POP.NETM,-72000
Cuba,CUB,"International tourism, receipts (current US$)",ST.INT.RCPT.CD,3302000000
Curacao,CUW,Population growth (annual %),SP.POP.GROW,0.319536038312865
Curacao,CUW,Population density (people per sq. km of land area),EN.POP.DNST,360.754504504504
Curacao,CUW,Net migration,SM.POP.NETM,2573
Curacao,CUW,"International tourism, receipts (current US$)",ST.INT.RCPT.CD,572000000
Cyprus,CYP,Population growth (annual %),SP.POP.GROW,0.807965016101293
Cyprus,CYP,Population density (people per sq. km of land area),EN.POP.DNST,127.670995670996
Cyprus,CYP,Net migration,SM.POP.NETM,25000
Cyprus,CYP,"International tourism, receipts (current US$)",ST.INT.RCPT.CD,3274000000
Czech Republic,CZE,Population growth (annual %),SP.POP.GROW,0.265642663548985
Czech Republic,CZE,Population density (people per sq. km of land area),EN.POP.DNST,137.21587877218
Czech Republic,CZE,Net migration,SM.POP.NETM,110057
Czech Republic,CZE,"International tourism, receipts (current US$)",ST.INT.RCPT.CD,7695000000
Denmark,DNK,Population growth (annual %),SP.POP.GROW,0.643350903737356
Denmark,DNK,Population density (people per sq. km of land area),EN.POP.DNST,144.1245
Denmark,DNK,Net migration,SM.POP.NETM,75998
Denmark,DNK,"International tourism, receipts (current US$)",ST.INT.RCPT.CD,8508000000
Djibouti,DJI,Population growth (annual %),SP.POP.GROW,1.59996238151791
Djibouti,DJI,Population density (people per sq. km of land area),EN.POP.DNST,40.7289473684211
Djibouti,DJI,Net migration,SM.POP.NETM,4501
Djibouti,DJI,"International tourism, receipts (current US$)",ST.INT.RCPT.CD,36200000
Dominica,DMA,Population growth (annual %),SP.POP.GROW,0.211536519885842
Dominica,DMA,Population density (people per sq. km of land area),EN.POP.DNST,95.2773333333333
Dominica,DMA,Net migration,SM.POP.NETM,..
Dominica,DMA,"International tourism, receipts (current US$)",ST.INT.RCPT.CD,161000000
Dominican Republic,DOM,Population growth (annual %),SP.POP.GROW,1.10362839144472
Dominican Republic,DOM,Population density (people per sq. km of land area),EN.POP.DNST,217.618112192093
Dominican Republic,DOM,Net migration,SM.POP.NETM,-150000
Dominican Republic,DOM,"International tourism, receipts (current US$)",ST.INT.RCPT.CD,7184000000
Early-demographic dividend,EAR,Population growth (annual %),SP.POP.GROW,1.32645334364219
Early-demographic dividend,EAR,Population density (people per sq. km of land area),EN.POP.DNST,96.2360781597555
Early-demographic dividend,EAR,Net migration,SM.POP.NETM,-11460012
Early-demographic dividend,EAR,"International tourism, receipts (current US$)",ST.INT.RCPT.CD,219795837364.421
East Asia & Pacific,EAS,Population growth (annual %),SP.POP.GROW,0.679211012619632
East Asia & Pacific,EAS,Population density (people per sq. km of land area),EN.POP.DNST,94.4431188094466
East Asia & Pacific,EAS,Net migration,SM.POP.NETM,-2057249
East Asia & Pacific,EAS,"International tourism, receipts (current US$)",ST.INT.RCPT.CD,505111026780.791
East Asia & Pacific (excluding high income),EAP,Population growth (annual %),SP.POP.GROW,0.73249983684947
East Asia & Pacific (excluding high income),EAP,Population density (people per sq. km of land area),EN.POP.DNST,129.102990180885
East Asia & Pacific (excluding high income),EAP,Net migration,SM.POP.NETM,-3791004
East Asia & Pacific (excluding high income),EAP,"International tourism, receipts (current US$)",ST.INT.RCPT.CD,..
East Asia & Pacific (IDA & IBRD countries),TEA,Population growth (annual %),SP.POP.GROW,0.735624058662538
East Asia & Pacific (IDA & IBRD countries),TEA,Population density (people per sq. km of land area),EN.POP.DNST,128.477437839118
East Asia & Pacific (IDA & IBRD countries),TEA,Net migration,SM.POP.NETM,-3763991
East Asia & Pacific (IDA & IBRD countries),TEA,"International tourism, receipts (current US$)",ST.INT.RCPT.CD,..
Ecuador,ECU,Population growth (annual %),SP.POP.GROW,1.76853864758869
Ecuador,ECU,Population density (people per sq. km of land area),EN.POP.DNST,67.5848002899018
Ecuador,ECU,Net migration,SM.POP.NETM,182000
Ecuador,ECU,"International tourism, receipts (current US$)",ST.INT.RCPT.CD,2018000000
"Egypt, Arab Rep.",EGY,Population growth (annual %),SP.POP.GROW,2.09083471976459
"Egypt, Arab Rep.",EGY,Population density (people per sq. km of land area),EN.POP.DNST,96.8834125269978
"Egypt, Arab Rep.",EGY,Net migration,SM.POP.NETM,-190164
"Egypt, Arab Rep.",EGY,"International tourism, receipts (current US$)",ST.INT.RCPT.CD,8636000000
El Salvador,SLV,Population growth (annual %),SP.POP.GROW,0.501858163165851
El Salvador,SLV,Population density (people per sq. km of land area),EN.POP.DNST,308.307046332046
El Salvador,SLV,Net migration,SM.POP.NETM,-202694
El Salvador,SLV,"International tourism, receipts (current US$)",ST.INT.RCPT.CD,1227000000
Equatorial Guinea,GNQ,Population growth (annual %),SP.POP.GROW,3.78071654676193
Equatorial Guinea,GNQ,Population density (people per sq. km of land area),EN.POP.DNST,44.9911229946524
Equatorial Guinea,GNQ,Net migration,SM.POP.NETM,79998
Equatorial Guinea,GNQ,"International tourism, receipts (current US$)",ST.INT.RCPT.CD,..
Eritrea,ERI,Population growth (annual %),SP.POP.GROW,..
Eritrea,ERI,Population density (people per sq. km of land area),EN.POP.DNST,33.791
Eritrea,ERI,Net migration,SM.POP.NETM,-199290
Eritrea,ERI,"International tourism, receipts (current US$)",ST.INT.RCPT.CD,..
Estonia,EST,Population growth (annual %),SP.POP.GROW,0.121070631466687
Estonia,EST,Population density (people per sq. km of land area),EN.POP.DNST,30.3055900621118
Estonia,EST,Net migration,SM.POP.NETM,19555
Estonia,EST,"International tourism, receipts (current US$)",ST.INT.RCPT.CD,2125000000
Eswatini,SWZ,Population growth (annual %),SP.POP.GROW,0.962067725012171
Eswatini,SWZ,Population density (people per sq. km of land area),EN.POP.DNST,65.3926162790698
Eswatini,SWZ,Net migration,SM.POP.NETM,-41764
Eswatini,SWZ,"International tourism, receipts (current US$)",ST.INT.RCPT.CD,13199999.8092651
Ethiopia,ETH,Population growth (annual %),SP.POP.GROW,2.66346797807375
Ethiopia,ETH,Population density (people per sq. km of land area),EN.POP.DNST,94.2193469238978
Ethiopia,ETH,Net migration,SM.POP.NETM,150002
Ethiopia,ETH,"International tourism, receipts (current US$)",ST.INT.RCPT.CD,2505000000
Euro area,EMU,Population growth (annual %),SP.POP.GROW,0.200258602404475
Euro area,EMU,Population density (people per sq. km of land area),EN.POP.DNST,127.355493998395
Euro area,EMU,Net migration,SM.POP.NETM,4446572
Euro area,EMU,"International tourism, receipts (current US$)",ST.INT.RCPT.CD,..
Europe & Central Asia,ECS,Population growth (annual %),SP.POP.GROW,0.404071113656428
Europe & Central Asia,ECS,Population density (people per sq. km of land area),EN.POP.DNST,33.3126856027266
Europe & Central Asia,ECS,Net migration,SM.POP.NETM,7894029
Europe & Central Asia,ECS,"International tourism, receipts (current US$)",ST.INT.RCPT.CD,545866389215.225
Europe & Central Asia (excluding high income),ECA,Population growth (annual %),SP.POP.GROW,0.615781815770106
Europe & Central Asia (excluding high income),ECA,Population density (people per sq. km of land area),EN.POP.DNST,17.6411239183541
Europe & Central Asia (excluding high income),ECA,Net migration,SM.POP.NETM,1880978
Europe & Central Asia (excluding high income),ECA,"International tourism, receipts (current US$)",ST.INT.RCPT.CD,73962435516.3577
Europe & Central Asia (IDA & IBRD countries),TEC,Population growth (annual %),SP.POP.GROW,0.496829472161565
Europe & Central Asia (IDA & IBRD countries),TEC,Population density (people per sq. km of land area),EN.POP.DNST,19.868411096173
Europe & Central Asia (IDA & IBRD countries),TEC,Net migration,SM.POP.NETM,1324001
Europe & Central Asia (IDA & IBRD countries),TEC,"International tourism, receipts (current US$)",ST.INT.RCPT.CD,102055375756.551
European Union,EUU,Population growth (annual %),SP.POP.GROW,0.144458524792412
European Union,EUU,Population density (people per sq. km of land area),EN.POP.DNST,111.643651089073
European Union,EUU,Net migration,SM.POP.NETM,4281648
European Union,EUU,"International tourism, receipts (current US$)",ST.INT.RCPT.CD,406964123291.896
Faroe Islands,FRO,Population growth (annual %),SP.POP.GROW,0.327447859520313
Faroe Islands,FRO,Population density (people per sq. km of land area),EN.POP.DNST,34.6210601719198
Faroe Islands,FRO,Net migration,SM.POP.NETM,..
Faroe Islands,FRO,"International tourism, receipts (current US$)",ST.INT.RCPT.CD,..
Fiji,FJI,Population growth (annual %),SP.POP.GROW,0.578334253807858
Fiji,FJI,Population density (people per sq. km of land area),EN.POP.DNST,48.0273125342091
Fiji,FJI,Net migration,SM.POP.NETM,-31008
Fiji,FJI,"International tourism, receipts (current US$)",ST.INT.RCPT.CD,1243000000
Finland,FIN,Population growth (annual %),SP.POP.GROW,0.234670531705453
Finland,FIN,Population density (people per sq. km of land area),EN.POP.DNST,18.1238944459068
Finland,FIN,Net migration,SM.POP.NETM,70000
Finland,FIN,"International tourism, receipts (current US$)",ST.INT.RCPT.CD,5210000000
Fragile and conflict affected situations,FCS,Population growth (annual %),SP.POP.GROW,2.21865407819264
Fragile and conflict affected situations,FCS,Population density (people per sq. km of land area),EN.POP.DNST,40.0713541288953
Fragile and conflict affected situations,FCS,Net migration,SM.POP.NETM,-10049206
Fragile and conflict affected situations,FCS,"International tourism, receipts (current US$)",ST.INT.RCPT.CD,..
France,FRA,Population growth (annual %),SP.POP.GROW,0.210010696141084
France,FRA,Population density (people per sq. km of land area),EN.POP.DNST,122.114006395681
France,FRA,Net migration,SM.POP.NETM,182636
France,FRA,"International tourism, receipts (current US$)",ST.INT.RCPT.CD,67717000000
French Polynesia,PYF,Population growth (annual %),SP.POP.GROW,0.554953683106407
French Polynesia,PYF,Population density (people per sq. km of land area),EN.POP.DNST,75.4379781420765
French Polynesia,PYF,Net migration,SM.POP.NETM,-5000
French Polynesia,PYF,"International tourism, receipts (current US$)",ST.INT.RCPT.CD,..
Gabon,GAB,Population growth (annual %),SP.POP.GROW,2.79685556362484
Gabon,GAB,Population density (people per sq. km of land area),EN.POP.DNST,8.01343967089688
Gabon,GAB,Net migration,SM.POP.NETM,16301
Gabon,GAB,"International tourism, receipts (current US$)",ST.INT.RCPT.CD,..
"Gambia, The",GMB,Population growth (annual %),SP.POP.GROW,2.96856591791365
"Gambia, The",GMB,Population density (people per sq. km of land area),EN.POP.DNST,218.764229249012
"Gambia, The",GMB,Net migration,SM.POP.NETM,-15436
"Gambia, The",GMB,"International tourism, receipts (current US$)",ST.INT.RCPT.CD,116000000
Georgia,GEO,Population growth (annual %),SP.POP.GROW,0.0133860746662629
Georgia,GEO,Population density (people per sq. km of land area),EN.POP.DNST,65.2227859617201
Georgia,GEO,Net migration,SM.POP.NETM,-50000
Georgia,GEO,"International tourism, receipts (current US$)",ST.INT.RCPT.CD,2971000000
Germany,DEU,Population growth (annual %),SP.POP.GROW,0.373724559895838
Germany,DEU,Population density (people per sq. km of land area),EN.POP.DNST,236.588722557747
Germany,DEU,Net migration,SM.POP.NETM,2719112
Germany,DEU,"International tourism, receipts (current US$)",ST.INT.RCPT.CD,55750000000
Ghana,GHA,Population growth (annual %),SP.POP.GROW,2.22053243013657
Ghana,GHA,Population density (people per sq. km of land area),EN.POP.DNST,127.983963259207
Ghana,GHA,Net migration,SM.POP.NETM,-50000
Ghana,GHA,"International tourism, receipts (current US$)",ST.INT.RCPT.CD,919000000
Gibraltar,GIB,Population growth (annual %),SP.POP.GROW,-0.0266805011587876
Gibraltar,GIB,Population density (people per sq. km of land area),EN.POP.DNST,3372.8
Gibraltar,GIB,Net migration,SM.POP.NETM,..
Gibraltar,GIB,"International tourism, receipts (current US$)",ST.INT.RCPT.CD,..
Greece,GRC,Population growth (annual %),SP.POP.GROW,-0.197783224759792
Greece,GRC,Population density (people per sq. km of land area),EN.POP.DNST,83.4342823894492
Greece,GRC,Net migration,SM.POP.NETM,-80000
Greece,GRC,"International tourism, receipts (current US$)",ST.INT.RCPT.CD,19139000000
Greenland,GRL,Population growth (annual %),SP.POP.GROW,-0.0249203440297217
Greenland,GRL,Population density (people per sq. km of land area),EN.POP.DNST,0.136854671701791
Greenland,GRL,Net migration,SM.POP.NETM,..
Greenland,GRL,"International tourism, receipts (current US$)",ST.INT.RCPT.CD,..
Grenada,GRD,Population growth (annual %),SP.POP.GROW,0.554413883077672
Grenada,GRD,Population density (people per sq. km of land area),EN.POP.DNST,326.1
Grenada,GRD,Net migration,SM.POP.NETM,-1000
Grenada,GRD,"International tourism, receipts (current US$)",ST.INT.RCPT.CD,482000000
Guam,GUM,Population growth (annual %),SP.POP.GROW,0.812883412154521
Guam,GUM,Population density (people per sq. km of land area),EN.POP.DNST,304.224074074074
Guam,GUM,Net migration,SM.POP.NETM,-2532
Guam,GUM,"International tourism, receipts (current US$)",ST.INT.RCPT.CD,..
Guatemala,GTM,Population growth (annual %),SP.POP.GROW,1.62765379973835
Guatemala,GTM,Population density (people per sq. km of land area),EN.POP.DNST,150.125214632325
Guatemala,GTM,Net migration,SM.POP.NETM,-46073
Guatemala,GTM,"International tourism, receipts (current US$)",ST.INT.RCPT.CD,1217599975.58594
Guinea,GIN,Population growth (annual %),SP.POP.GROW,2.76501086533523
Guinea,GIN,Population density (people per sq. km of land area),EN.POP.DNST,49.1109352108091
Guinea,GIN,Net migration,SM.POP.NETM,-20000
Guinea,GIN,"International tourism, receipts (current US$)",ST.INT.RCPT.CD,16600000.3814697
Guinea-Bissau,GNB,Population growth (annual %),SP.POP.GROW,2.5320809488394
Guinea-Bissau,GNB,Population density (people per sq. km of land area),EN.POP.DNST,65.0123044096728
Guinea-Bissau,GNB,Net migration,SM.POP.NETM,-6996
Guinea-Bissau,GNB,"International tourism, receipts (current US$)",ST.INT.RCPT.CD,16440000.5340576
Guyana,GUY,Population growth (annual %),SP.POP.GROW,0.498518089665929
Guyana,GUY,Population density (people per sq. km of land area),EN.POP.DNST,3.93813055626111
Guyana,GUY,Net migration,SM.POP.NETM,-30001
Guyana,GUY,"International tourism, receipts (current US$)",ST.INT.RCPT.CD,..
Haiti,HTI,Population growth (annual %),SP.POP.GROW,1.30506670841384
Haiti,HTI,Population density (people per sq. km of land area),EN.POP.DNST,398.489332365747
Haiti,HTI,Net migration,SM.POP.NETM,-175000
Haiti,HTI,"International tourism, receipts (current US$)",ST.INT.RCPT.CD,460000000
Heavily indebted poor countries (HIPC),HPC,Population growth (annual %),SP.POP.GROW,2.80597571095127
Heavily indebted poor countries (HIPC),HPC,Population density (people per sq. km of land area),EN.POP.DNST,39.2154810189196
Heavily indebted poor countries (HIPC),HPC,Net migration,SM.POP.NETM,-1462971
Heavily indebted poor countries (HIPC),HPC,"International tourism, receipts (current US$)",ST.INT.RCPT.CD,16672251153.5876
High income,HIC,Population growth (annual %),SP.POP.GROW,0.490446167039281
High income,HIC,Population density (people per sq. km of land area),EN.POP.DNST,34.7540951236699
High income,HIC,Net migration,SM.POP.NETM,15844525
High income,HIC,"International tourism, receipts (current US$)",ST.INT.RCPT.CD,1075913121613.36
Honduras,HND,Population growth (annual %),SP.POP.GROW,1.6922288789459
Honduras,HND,Population density (people per sq. km of land area),EN.POP.DNST,84.2703816248101
Honduras,HND,Net migration,SM.POP.NETM,-34000
Honduras,HND,"International tourism, receipts (current US$)",ST.INT.RCPT.CD,610000000
"Hong Kong SAR, China",HKG,Population growth (annual %),SP.POP.GROW,0.748222904999017
"Hong Kong SAR, China",HKG,Population density (people per sq. km of land area),EN.POP.DNST,7039.71428571429
"Hong Kong SAR, China",HKG,Net migration,SM.POP.NETM,146542
"Hong Kong SAR, China",HKG,"International tourism, receipts (current US$)",ST.INT.RCPT.CD,38170000000
Hungary,HUN,Population growth (annual %),SP.POP.GROW,-0.265860932255517
Hungary,HUN,Population density (people per sq. km of land area),EN.POP.DNST,107.253626999781
Hungary,HUN,Net migration,SM.POP.NETM,29999
Hungary,HUN,"International tourism, receipts (current US$)",ST.INT.RCPT.CD,8448000000
IBRD only,IBD,Population growth (annual %),SP.POP.GROW,0.924333780661172
IBRD only,IBD,Population density (people per sq. km of land area),EN.POP.DNST,66.6399905929552
IBRD only,IBD,Net migration,SM.POP.NETM,-6056175
IBRD only,IBD,"International tourism, receipts (current US$)",ST.INT.RCPT.CD,..
Iceland,ISL,Population growth (annual %),SP.POP.GROW,2.34558267643862
Iceland,ISL,Population density (people per sq. km of land area),EN.POP.DNST,3.42543640897756
Iceland,ISL,Net migration,SM.POP.NETM,1900
Iceland,ISL,"International tourism, receipts (current US$)",ST.INT.RCPT.CD,..
IDA & IBRD total,IBT,Population growth (annual %),SP.POP.GROW,1.25969899228899
IDA & IBRD total,IBT,Population density (people per sq. km of land area),EN.POP.DNST,65.9237271261031
IDA & IBRD total,IBT,Net migration,SM.POP.NETM,-15664439
IDA & IBRD total,IBT,"International tourism, receipts (current US$)",ST.INT.RCPT.CD,..
IDA blend,IDB,Population growth (annual %),SP.POP.GROW,2.30038190213386
IDA blend,IDB,Population density (people per sq. km of land area),EN.POP.DNST,122.444051246226
IDA blend,IDB,Net migration,SM.POP.NETM,-2260137
IDA blend,IDB,"International tourism, receipts (current US$)",ST.INT.RCPT.CD,9887744951.65283
IDA only,IDX,Population growth (annual %),SP.POP.GROW,2.25067771722529
IDA only,IDX,Population density (people per sq. km of land area),EN.POP.DNST,51.4338259237533
IDA only,IDX,Net migration,SM.POP.NETM,-7348127
IDA only,IDX,"International tourism, receipts (current US$)",ST.INT.RCPT.CD,..
IDA total,IDA,Population growth (annual %),SP.POP.GROW,2.2673790980259
IDA total,IDA,Population density (people per sq. km of land area),EN.POP.DNST,63.8875409465
IDA total,IDA,Net migration,SM.POP.NETM,-9608264
IDA total,IDA,"International tourism, receipts (current US$)",ST.INT.RCPT.CD,41979633648.8549
India,IND,Population growth (annual %),SP.POP.GROW,1.06259739387194
India,IND,Population density (people per sq. km of land area),EN.POP.DNST,450.243285831043
India,IND,Net migration,SM.POP.NETM,-2663434
India,IND,"International tourism, receipts (current US$)",ST.INT.RCPT.CD,27878000000
Indonesia,IDN,Population growth (annual %),SP.POP.GROW,1.17510259151073
Indonesia,IDN,Population density (people per sq. km of land area),EN.POP.DNST,140.955104049546
Indonesia,IDN,Net migration,SM.POP.NETM,-494777
Indonesia,IDN,"International tourism, receipts (current US$)",ST.INT.RCPT.CD,14691000000
"Iran, Islamic Rep.",IRN,Population growth (annual %),SP.POP.GROW,1.38538047257533
"Iran, Islamic Rep.",IRN,Population density (people per sq. km of land area),EN.POP.DNST,49.5309014219406
"Iran, Islamic Rep.",IRN,Net migration,SM.POP.NETM,-274998
"Iran, Islamic Rep.",IRN,"International tourism, receipts (current US$)",ST.INT.RCPT.CD,4632000000
Iraq,IRQ,Population growth (annual %),SP.POP.GROW,2.54087466933843
Iraq,IRQ,Population density (people per sq. km of land area),EN.POP.DNST,86.501633158884
Iraq,IRQ,Net migration,SM.POP.NETM,39171
Iraq,IRQ,"International tourism, receipts (current US$)",ST.INT.RCPT.CD,2959000000
Ireland,IRL,Population growth (annual %),SP.POP.GROW,1.08867556062
Ireland,IRL,Population density (people per sq. km of land area),EN.POP.DNST,69.7835389751778
Ireland,IRL,Net migration,SM.POP.NETM,118020
Ireland,IRL,"International tourism, receipts (current US$)",ST.INT.RCPT.CD,14294000000
Isle of Man,IMN,Population growth (annual %),SP.POP.GROW,0.372712179069005
Isle of Man,IMN,Population density (people per sq. km of land area),EN.POP.DNST,146.663157894737
Isle of Man,IMN,Net migration,SM.POP.NETM,..
Isle of Man,IMN,"International tourism, receipts (current US$)",ST.INT.RCPT.CD,..
Israel,ISR,Population growth (annual %),SP.POP.GROW,1.93872567441099
Israel,ISR,Population density (people per sq. km of land area),EN.POP.DNST,402.647874306839
Israel,ISR,Net migration,SM.POP.NETM,50002
Israel,ISR,"International tourism, receipts (current US$)",ST.INT.RCPT.CD,7602000000
Italy,ITA,Population growth (annual %),SP.POP.GROW,-0.14986111697397
Italy,ITA,Population density (people per sq. km of land area),EN.POP.DNST,205.809169103148
Italy,ITA,Net migration,SM.POP.NETM,744713
Italy,ITA,"International tourism, receipts (current US$)",ST.INT.RCPT.CD,46719000000
Jamaica,JAM,Population growth (annual %),SP.POP.GROW,0.501623559541488
Jamaica,JAM,Population density (people per sq. km of land area),EN.POP.DNST,269.700184672207
Jamaica,JAM,Net migration,SM.POP.NETM,-56658
Jamaica,JAM,"International tourism, receipts (current US$)",ST.INT.RCPT.CD,..
Japan,JPN,Population growth (annual %),SP.POP.GROW,-0.164484036370785
Japan,JPN,Population density (people per sq. km of land area),EN.POP.DNST,347.834834019204
Japan,JPN,Net migration,SM.POP.NETM,357800
Japan,JPN,"International tourism, receipts (current US$)",ST.INT.RCPT.CD,36978000000
Jordan,JOR,Population growth (annual %),SP.POP.GROW,2.35601648832196
Jordan,JOR,Population density (people per sq. km of land area),EN.POP.DNST,110.150630772697
Jordan,JOR,Net migration,SM.POP.NETM,51099
Jordan,JOR,"International tourism, receipts (current US$)",ST.INT.RCPT.CD,5549000000
Kazakhstan,KAZ,Population growth (annual %),SP.POP.GROW,1.36038126908993
Kazakhstan,KAZ,Population density (people per sq. km of land area),EN.POP.DNST,6.68140015557284
Kazakhstan,KAZ,Net migration,SM.POP.NETM,-90000
Kazakhstan,KAZ,"International tourism, receipts (current US$)",ST.INT.RCPT.CD,2356000000
Kenya,KEN,Population growth (annual %),SP.POP.GROW,2.35681257338264
Kenya,KEN,Population density (people per sq. km of land area),EN.POP.DNST,88.2409828864603
Kenya,KEN,Net migration,SM.POP.NETM,-50000
Kenya,KEN,"International tourism, receipts (current US$)",ST.INT.RCPT.CD,1564000000
Kiribati,KIR,Population growth (annual %),SP.POP.GROW,1.44169215184301
Kiribati,KIR,Population density (people per sq. km of land area),EN.POP.DNST,140.935802469136
Kiribati,KIR,Net migration,SM.POP.NETM,-3999
Kiribati,KIR,"International tourism, receipts (current US$)",ST.INT.RCPT.CD,5170000.07629395
"Korea, Dem. People’s Rep.",PRK,Population growth (annual %),SP.POP.GROW,0.481855372441113
"Korea, Dem. People’s Rep.",PRK,Population density (people per sq. km of land area),EN.POP.DNST,211.194958890458
"Korea, Dem. People’s Rep.",PRK,Net migration,SM.POP.NETM,-27013
"Korea, Dem. People’s Rep.",PRK,"International tourism, receipts (current US$)",ST.INT.RCPT.CD,..
"Korea, Rep.",KOR,Population growth (annual %),SP.POP.GROW,0.280968018301691
"Korea, Rep.",KOR,Population density (people per sq. km of land area),EN.POP.DNST,526.734806686494
"Korea, Rep.",KOR,Net migration,SM.POP.NETM,58657
"Korea, Rep.",KOR,"International tourism, receipts (current US$)",ST.INT.RCPT.CD,17173000000
Kosovo,XKX,Population growth (annual %),SP.POP.GROW,0.753584842739213
Kosovo,XKX,Population density (people per sq. km of land area),EN.POP.DNST,164.508404519151
Kosovo,XKX,Net migration,SM.POP.NETM,..
Kosovo,XKX,"International tourism, receipts (current US$)",ST.INT.RCPT.CD,..
Kuwait,KWT,Population growth (annual %),SP.POP.GROW,2.47671019587745
Kuwait,KWT,Population density (people per sq. km of land area),EN.POP.DNST,227.614983164983
Kuwait,KWT,Net migration,SM.POP.NETM,197600
Kuwait,KWT,"International tourism, receipts (current US$)",ST.INT.RCPT.CD,643000000
Kyrgyz Republic,KGZ,Population growth (annual %),SP.POP.GROW,1.93364715643057
Kyrgyz Republic,KGZ,Population density (people per sq. km of land area),EN.POP.DNST,32.3159541188738
Kyrgyz Republic,KGZ,Net migration,SM.POP.NETM,-20000
Kyrgyz Republic,KGZ,"International tourism, receipts (current US$)",ST.INT.RCPT.CD,480000000
Lao PDR,LAO,Population growth (annual %),SP.POP.GROW,1.55362099351173
Lao PDR,LAO,Population density (people per sq. km of land area),EN.POP.DNST,30.125801559792
Lao PDR,LAO,Net migration,SM.POP.NETM,-73518
Lao PDR,LAO,"International tourism, receipts (current US$)",ST.INT.RCPT.CD,655000000
Late-demographic dividend,LTE,Population growth (annual %),SP.POP.GROW,0.624440565473378
Late-demographic dividend,LTE,Population density (people per sq. km of land area),EN.POP.DNST,51.0688157795411
Late-demographic dividend,LTE,Net migration,SM.POP.NETM,-379189
Late-demographic dividend,LTE,"International tourism, receipts (current US$)",ST.INT.RCPT.CD,..
Latin America & Caribbean,LCN,Population growth (annual %),SP.POP.GROW,0.965097647733046
Latin America & Caribbean,LCN,Population density (people per sq. km of land area),EN.POP.DNST,31.6660806071385
Latin America & Caribbean,LCN,Net migration,SM.POP.NETM,-2606469
Latin America & Caribbean,LCN,"International tourism, receipts (current US$)",ST.INT.RCPT.CD,99851063426.3303
Latin America & Caribbean (excluding high income),LAC,Population growth (annual %),SP.POP.GROW,0.970053564351403
Latin America & Caribbean (excluding high income),LAC,Population density (people per sq. km of land area),EN.POP.DNST,31.6759322267388
Latin America & Caribbean (excluding high income),LAC,Net migration,SM.POP.NETM,-2718002
Latin America & Caribbean (excluding high income),LAC,"International tourism, receipts (current US$)",ST.INT.RCPT.CD,71606967176.4939
Latin America & the Caribbean (IDA & IBRD countries),TLA,Population growth (annual %),SP.POP.GROW,1.00162911425438
Latin America & the Caribbean (IDA & IBRD countries),TLA,Population density (people per sq. km of land area),EN.POP.DNST,31.0665746281953
Latin America & the Caribbean (IDA & IBRD countries),TLA,Net migration,SM.POP.NETM,-2050462
Latin America & the Caribbean (IDA & IBRD countries),TLA,"International tourism, receipts (current US$)",ST.INT.RCPT.CD,82926451161.1495
Latvia,LVA,Population growth (annual %),SP.POP.GROW,-0.886215573292392
Latvia,LVA,Population density (people per sq. km of land area),EN.POP.DNST,31.2710996618902
Latvia,LVA,Net migration,SM.POP.NETM,-74186
Latvia,LVA,"International tourism, receipts (current US$)",ST.INT.RCPT.CD,..
Least developed countries: UN classification,LDC,Population growth (annual %),SP.POP.GROW,2.37192906500037
Least developed countries: UN classification,LDC,Population density (people per sq. km of land area),EN.POP.DNST,48.4153131733832
Least developed countries: UN classification,LDC,Net migration,SM.POP.NETM,-4861511
Least developed countries: UN classification,LDC,"International tourism, receipts (current US$)",ST.INT.RCPT.CD,23145527569.6926
Lebanon,LBN,Population growth (annual %),SP.POP.GROW,1.49011179430801
Lebanon,LBN,Population density (people per sq. km of land area),EN.POP.DNST,665.872238514174
Lebanon,LBN,Net migration,SM.POP.NETM,-150060
Lebanon,LBN,"International tourism, receipts (current US$)",ST.INT.RCPT.CD,8086000000
Lesotho,LSO,Population growth (annual %),SP.POP.GROW,0.787780033893684
Lesotho,LSO,Population density (people per sq. km of land area),EN.POP.DNST,68.8870882740448
Lesotho,LSO,Net migration,SM.POP.NETM,-50234
Lesotho,LSO,"International tourism, receipts (current US$)",ST.INT.RCPT.CD,..
Liberia,LBR,Population growth (annual %),SP.POP.GROW,2.48564419709564
Liberia,LBR,Population density (people per sq. km of land area),EN.POP.DNST,48.8188122923588
Liberia,LBR,Net migration,SM.POP.NETM,-25000
Liberia,LBR,"International tourism, receipts (current US$)",ST.INT.RCPT.CD,..
Libya,LBY,Population growth (annual %),SP.POP.GROW,1.35488584854417
Libya,LBY,Population density (people per sq. km of land area),EN.POP.DNST,3.74002523386794
Libya,LBY,Net migration,SM.POP.NETM,-9997
Libya,LBY,"International tourism, receipts (current US$)",ST.INT.RCPT.CD,..
Liechtenstein,LIE,Population growth (annual %),SP.POP.GROW,0.37636875513052
Liechtenstein,LIE,Population density (people per sq. km of land area),EN.POP.DNST,236.25
Liechtenstein,LIE,Net migration,SM.POP.NETM,..
Liechtenstein,LIE,"International tourism, receipts (current US$)",ST.INT.RCPT.CD,..
Lithuania,LTU,Population growth (annual %),SP.POP.GROW,-1.39832220092102
Lithuania,LTU,Population density (people per sq. km of land area),EN.POP.DNST,45.1525837710126
Lithuania,LTU,Net migration,SM.POP.NETM,-163902
Lithuania,LTU,"International tourism, receipts (current US$)",ST.INT.RCPT.CD,..
Low & middle income,LMY,Population growth (annual %),SP.POP.GROW,1.27004948193814
Low & middle income,LMY,Population density (people per sq. km of land area),EN.POP.DNST,66.3520985000265
Low & middle income,LMY,Net migration,SM.POP.NETM,-15853831
Low & middle income,LMY,"International tourism, receipts (current US$)",ST.INT.RCPT.CD,..
Low income,LIC,Population growth (annual %),SP.POP.GROW,2.5882913527376
Low income,LIC,Population density (people per sq. km of land area),EN.POP.DNST,41.9841219202312
Low income,LIC,Net migration,SM.POP.NETM,-4052273
Low income,LIC,"International tourism, receipts (current US$)",ST.INT.RCPT.CD,..
Lower middle income,LMC,Population growth (annual %),SP.POP.GROW,1.46379454460239
Lower middle income,LMC,Population density (people per sq. km of land area),EN.POP.DNST,129.088352471961
Lower middle income,LMC,Net migration,SM.POP.NETM,-10239143
Lower middle income,LMC,"International tourism, receipts (current US$)",ST.INT.RCPT.CD,105831178912.407
Luxembourg,LUX,Population growth (annual %),SP.POP.GROW,2.43097641776115
Luxembourg,LUX,Population density (people per sq. km of land area),EN.POP.DNST,245.405761316872
Luxembourg,LUX,Net migration,SM.POP.NETM,48704
Luxembourg,LUX,"International tourism, receipts (current US$)",ST.INT.RCPT.CD,6170000000
"Macao SAR, China",MAC,Population growth (annual %),SP.POP.GROW,1.57828017648679
"Macao SAR, China",MAC,Population density (people per sq. km of land area),EN.POP.DNST,20213.7987012987
"Macao SAR, China",MAC,Net migration,SM.POP.NETM,25000
"Macao SAR, China",MAC,"International tourism, receipts (current US$)",ST.INT.RCPT.CD,36436000000
Madagascar,MDG,Population growth (annual %),SP.POP.GROW,2.67988323936388
Madagascar,MDG,Population density (people per sq. km of land area),EN.POP.DNST,43.9507390855964
Madagascar,MDG,Net migration,SM.POP.NETM,-7500
Madagascar,MDG,"International tourism, receipts (current US$)",ST.INT.RCPT.CD,849000000
Malawi,MWI,Population growth (annual %),SP.POP.GROW,2.66661638772471
Malawi,MWI,Population density (people per sq. km of land area),EN.POP.DNST,187.423207467119
Malawi,MWI,Net migration,SM.POP.NETM,-80263
Malawi,MWI,"International tourism, receipts (current US$)",ST.INT.RCPT.CD,35000000
Malaysia,MYS,Population growth (annual %),SP.POP.GROW,1.36019298084803
Malaysia,MYS,Population density (people per sq. km of land area),EN.POP.DNST,94.6736508902755
Malaysia,MYS,Net migration,SM.POP.NETM,249999
Malaysia,MYS,"International tourism, receipts (current US$)",ST.INT.RCPT.CD,20311000000
Maldives,MDV,Population growth (annual %),SP.POP.GROW,4.29918610769942
Maldives,MDV,Population density (people per sq. km of land area),EN.POP.DNST,1654.67333333333
Maldives,MDV,Net migration,SM.POP.NETM,56851
Maldives,MDV,"International tourism, receipts (current US$)",ST.INT.RCPT.CD,2771000000
Mali,MLI,Population growth (annual %),SP.POP.GROW,2.99911536700425
Mali,MLI,Population density (people per sq. km of land area),EN.POP.DNST,15.1717306321147
Mali,MLI,Net migration,SM.POP.NETM,-200000
Mali,MLI,"International tourism, receipts (current US$)",ST.INT.RCPT.CD,206399993.896484
Malta,MLT,Population growth (annual %),SP.POP.GROW,2.73866285589301
Malta,MLT,Population density (people per sq. km of land area),EN.POP.DNST,1462.496875
Malta,MLT,Net migration,SM.POP.NETM,4501
Malta,MLT,"International tourism, receipts (current US$)",ST.INT.RCPT.CD,..
Marshall Islands,MHL,Population growth (annual %),SP.POP.GROW,0.557893547568377
Marshall Islands,MHL,Population density (people per sq. km of land area),EN.POP.DNST,322.544444444444
Marshall Islands,MHL,Net migration,SM.POP.NETM,..
Marshall Islands,MHL,"International tourism, receipts (current US$)",ST.INT.RCPT.CD,18100000.3814697
Mauritania,MRT,Population growth (annual %),SP.POP.GROW,2.81899978265231
Mauritania,MRT,Population density (people per sq. km of land area),EN.POP.DNST,4.15501503832347
Mauritania,MRT,Net migration,SM.POP.NETM,25002
Mauritania,MRT,"International tourism, receipts (current US$)",ST.INT.RCPT.CD,24000000
Mauritius,MUS,Population growth (annual %),SP.POP.GROW,0.0901868114668421
Mauritius,MUS,Population density (people per sq. km of land area),EN.POP.DNST,622.962068965517
Mauritius,MUS,Net migration,SM.POP.NETM,0
Mauritius,MUS,"International tourism, receipts (current US$)",ST.INT.RCPT.CD,2005000000
Mexico,MEX,Population growth (annual %),SP.POP.GROW,1.16396777921201
Mexico,MEX,Population density (people per sq. km of land area),EN.POP.DNST,64.1875171686515
Mexico,MEX,Net migration,SM.POP.NETM,-300000
Mexico,MEX,"International tourism, receipts (current US$)",ST.INT.RCPT.CD,22467000000
"Micronesia, Fed. Sts.",FSM,Population growth (annual %),SP.POP.GROW,1.12238066643832
"Micronesia, Fed. Sts.",FSM,Population density (people per sq. km of land area),EN.POP.DNST,159.227142857143
"Micronesia, Fed. Sts.",FSM,Net migration,SM.POP.NETM,-2999
"Micronesia, Fed. Sts.",FSM,"International tourism, receipts (current US$)",ST.INT.RCPT.CD,..
Middle East & North Africa,MEA,Population growth (annual %),SP.POP.GROW,1.76606316674777
Middle East & North Africa,MEA,Population density (people per sq. km of land area),EN.POP.DNST,39.3158259624645
Middle East & North Africa,MEA,Net migration,SM.POP.NETM,-1194318
Middle East & North Africa,MEA,"International tourism, receipts (current US$)",ST.INT.RCPT.CD,111852564861.121
Middle East & North Africa (excluding high income),MNA,Population growth (annual %),SP.POP.GROW,1.69340875276434
Middle East & North Africa (excluding high income),MNA,Population density (people per sq. km of land area),EN.POP.DNST,43.5763079167452
Middle East & North Africa (excluding high income),MNA,Net migration,SM.POP.NETM,-3197316
Middle East & North Africa (excluding high income),MNA,"International tourism, receipts (current US$)",ST.INT.RCPT.CD,43427730200.1012
Middle East & North Africa (IDA & IBRD countries),TMN,Population growth (annual %),SP.POP.GROW,1.68964707006836
Middle East & North Africa (IDA & IBRD countries),TMN,Population density (people per sq. km of land area),EN.POP.DNST,43.0907905889345
Middle East & North Africa (IDA & IBRD countries),TMN,Net migration,SM.POP.NETM,-3144500
Middle East & North Africa (IDA & IBRD countries),TMN,"International tourism, receipts (current US$)",ST.INT.RCPT.CD,43225037395.8432
Middle income,MIC,Population growth (annual %),SP.POP.GROW,1.12403504221408
Middle income,MIC,Population density (people per sq. km of land area),EN.POP.DNST,70.9814866505814
Middle income,MIC,Net migration,SM.POP.NETM,-11801558
Middle income,MIC,"International tourism, receipts (current US$)",ST.INT.RCPT.CD,..
Moldova,MDA,Population growth (annual %),SP.POP.GROW,-1.69193257910835
Moldova,MDA,Population density (people per sq. km of land area),EN.POP.DNST,95.9751280175567
Moldova,MDA,Net migration,SM.POP.NETM,-6935
Moldova,MDA,"International tourism, receipts (current US$)",ST.INT.RCPT.CD,443000000
Monaco,MCO,Population growth (annual %),SP.POP.GROW,0.842253416153839
Monaco,MCO,Population density (people per sq. km of land area),EN.POP.DNST,18940.3058707449
Monaco,MCO,Net migration,SM.POP.NETM,..
Monaco,MCO,"International tourism, receipts (current US$)",ST.INT.RCPT.CD,..
Mongolia,MNG,Population growth (annual %),SP.POP.GROW,1.86127628528313
Mongolia,MNG,Population density (people per sq. km of land area),EN.POP.DNST,1.9995300706615
Mongolia,MNG,Net migration,SM.POP.NETM,-4262
Mongolia,MNG,"International tourism, receipts (current US$)",ST.INT.RCPT.CD,462000000
Montenegro,MNE,Population growth (annual %),SP.POP.GROW,0.011247907097728
Montenegro,MNE,Population density (people per sq. km of land area),EN.POP.DNST,46.2730855018587
Montenegro,MNE,Net migration,SM.POP.NETM,-2400
Montenegro,MNE,"International tourism, receipts (current US$)",ST.INT.RCPT.CD,1110000000
Morocco,MAR,Population growth (annual %),SP.POP.GROW,1.28700265524563
Morocco,MAR,Population density (people per sq. km of land area),EN.POP.DNST,79.7250593771006
Morocco,MAR,Net migration,SM.POP.NETM,-257096
Morocco,MAR,"International tourism, receipts (current US$)",ST.INT.RCPT.CD,9086000000
Mozambique,MOZ,Population growth (annual %),SP.POP.GROW,2.90062914205222
Mozambique,MOZ,Population density (people per sq. km of land area),EN.POP.DNST,36.4315051247489
Mozambique,MOZ,Net migration,SM.POP.NETM,-25000
Mozambique,MOZ,"International tourism, receipts (current US$)",ST.INT.RCPT.CD,164000000
Myanmar,MMR,Population growth (annual %),SP.POP.GROW,0.633962381430439
Myanmar,MMR,Population density (people per sq. km of land area),EN.POP.DNST,81.7760397677661
Myanmar,MMR,Net migration,SM.POP.NETM,-816564
Myanmar,MMR,"International tourism, receipts (current US$)",ST.INT.RCPT.CD,1988000000
Namibia,NAM,Population growth (annual %),SP.POP.GROW,1.87215433710164
Namibia,NAM,Population density (people per sq. km of land area),EN.POP.DNST,2.91829489001445
Namibia,NAM,Net migration,SM.POP.NETM,-24030
Namibia,NAM,"International tourism, receipts (current US$)",ST.INT.RCPT.CD,449000000
Nauru,NRU,Population growth (annual %),SP.POP.GROW,-1.33463890435481
Nauru,NRU,Population density (people per sq. km of land area),EN.POP.DNST,643.8
Nauru,NRU,Net migration,SM.POP.NETM,..
Nauru,NRU,"International tourism, receipts (current US$)",ST.INT.RCPT.CD,3900000
Nepal,NPL,Population growth (annual %),SP.POP.GROW,1.33361289906716
Nepal,NPL,Population density (people per sq. km of land area),EN.POP.DNST,192.724966864318
Nepal,NPL,Net migration,SM.POP.NETM,208549
Nepal,NPL,"International tourism, receipts (current US$)",ST.INT.RCPT.CD,712000000
Netherlands,NLD,Population growth (annual %),SP.POP.GROW,0.591203366164118
Netherlands,NLD,Population density (people per sq. km of land area),EN.POP.DNST,508.8
Netherlands,NLD,Net migration,SM.POP.NETM,80000
Netherlands,NLD,"International tourism, receipts (current US$)",ST.INT.RCPT.CD,23414000000
New Caledonia,NCL,Population growth (annual %),SP.POP.GROW,1.36471861289945
New Caledonia,NCL,Population density (people per sq. km of land area),EN.POP.DNST,15.3364332603939
New Caledonia,NCL,Net migration,SM.POP.NETM,2510
New Caledonia,NCL,"International tourism, receipts (current US$)",ST.INT.RCPT.CD,..
New Zealand,NZL,Population growth (annual %),SP.POP.GROW,2.12296238197075
New Zealand,NZL,Population density (people per sq. km of land area),EN.POP.DNST,18.2062967604724
New Zealand,NZL,Net migration,SM.POP.NETM,74403
New Zealand,NZL,"International tourism, receipts (current US$)",ST.INT.RCPT.CD,10594000000
Nicaragua,NIC,Population growth (annual %),SP.POP.GROW,1.27485515697153
Nicaragua,NIC,Population density (people per sq. km of land area),EN.POP.DNST,53.0567974073459
Nicaragua,NIC,Net migration,SM.POP.NETM,-106360
Nicaragua,NIC,"International tourism, receipts (current US$)",ST.INT.RCPT.CD,..
Niger,NER,Population growth (annual %),SP.POP.GROW,3.83915445342991
Niger,NER,Population density (people per sq. km of land area),EN.POP.DNST,17.0541343648851
Niger,NER,Net migration,SM.POP.NETM,20001
Niger,NER,"International tourism, receipts (current US$)",ST.INT.RCPT.CD,91000000
Nigeria,NGA,Population growth (annual %),SP.POP.GROW,2.60767638578282
Nigeria,NGA,Population density (people per sq. km of land area),EN.POP.DNST,209.573559735169
Nigeria,NGA,Net migration,SM.POP.NETM,-300000
Nigeria,NGA,"International tourism, receipts (current US$)",ST.INT.RCPT.CD,2615000000
North America,NAC,Population growth (annual %),SP.POP.GROW,0.689856611866603
North America,NAC,Population density (people per sq. km of land area),EN.POP.DNST,19.963090341866
North America,NAC,Net migration,SM.POP.NETM,5984188
North America,NAC,"International tourism, receipts (current US$)",ST.INT.RCPT.CD,257446628829.381
North Macedonia,MKD,Population growth (annual %),SP.POP.GROW,0.0601046299859087
North Macedonia,MKD,Population density (people per sq. km of land area),EN.POP.DNST,82.5533703409992
North Macedonia,MKD,Net migration,SM.POP.NETM,-4999
North Macedonia,MKD,"International tourism, receipts (current US$)",ST.INT.RCPT.CD,331000000
Northern Mariana Islands,MNP,Population growth (annual %),SP.POP.GROW,0.663417067340474
Northern Mariana Islands,MNP,Population density (people per sq. km of land area),EN.POP.DNST,122.960869565217
Northern Mariana Islands,MNP,Net migration,SM.POP.NETM,..
Northern Mariana Islands,MNP,"International tourism, receipts (current US$)",ST.INT.RCPT.CD,..
Norway,NOR,Population growth (annual %),SP.POP.GROW,0.807673181884948
Norway,NOR,Population density (people per sq. km of land area),EN.POP.DNST,14.4525778384356
Norway,NOR,Net migration,SM.POP.NETM,140000
Norway,NOR,"International tourism, receipts (current US$)",ST.INT.RCPT.CD,6840000000
Not classified,INX,Population growth (annual %),SP.POP.GROW,..
Not classified,INX,Population density (people per sq. km of land area),EN.POP.DNST,..
Not classified,INX,Net migration,SM.POP.NETM,..
Not classified,INX,"International tourism, receipts (current US$)",ST.INT.RCPT.CD,..
OECD members,OED,Population growth (annual %),SP.POP.GROW,0.615492412944391
OECD members,OED,Population density (people per sq. km of land area),EN.POP.DNST,37.9300255151726
OECD members,OED,Net migration,SM.POP.NETM,16409707
OECD members,OED,"International tourism, receipts (current US$)",ST.INT.RCPT.CD,915918659395.354
Oman,OMN,Population growth (annual %),SP.POP.GROW,4.08395420682502
Oman,OMN,Population density (people per sq. km of land area),EN.POP.DNST,15.075718901454
Oman,OMN,Net migration,SM.POP.NETM,437000
Oman,OMN,"International tourism, receipts (current US$)",ST.INT.RCPT.CD,2717000000
Other small states,OSS,Population growth (annual %),SP.POP.GROW,2.05098832784714
Other small states,OSS,Population density (people per sq. km of land area),EN.POP.DNST,14.8391621815175
Other small states,OSS,Net migration,SM.POP.NETM,470312
Other small states,OSS,"International tourism, receipts (current US$)",ST.INT.RCPT.CD,..
Pacific island small states,PSS,Population growth (annual %),SP.POP.GROW,1.41434916030477
Pacific island small states,PSS,Population density (people per sq. km of land area),EN.POP.DNST,37.7271962616822
Pacific island small states,PSS,Net migration,SM.POP.NETM,-63416
Pacific island small states,PSS,"International tourism, receipts (current US$)",ST.INT.RCPT.CD,2029445731.80946
Pakistan,PAK,Population growth (annual %),SP.POP.GROW,2.07499708243152
Pakistan,PAK,Population density (people per sq. km of land area),EN.POP.DNST,269.687481838937
Pakistan,PAK,Net migration,SM.POP.NETM,-1166895
Pakistan,PAK,"International tourism, receipts (current US$)",ST.INT.RCPT.CD,865000000
Palau,PLW,Population growth (annual %),SP.POP.GROW,0.467172211499765
Palau,PLW,Population density (people per sq. km of land area),EN.POP.DNST,38.7130434782609
Palau,PLW,Net migration,SM.POP.NETM,..
Palau,PLW,"International tourism, receipts (current US$)",ST.INT.RCPT.CD,123000000
Panama,PAN,Population growth (annual %),SP.POP.GROW,1.71159119963697
Panama,PAN,Population density (people per sq. km of land area),EN.POP.DNST,55.4070561252024
Panama,PAN,Net migration,SM.POP.NETM,56000
Panama,PAN,"International tourism, receipts (current US$)",ST.INT.RCPT.CD,6827000000
Papua New Guinea,PNG,Population growth (annual %),SP.POP.GROW,1.99014467240933
Papua New Guinea,PNG,Population density (people per sq. km of land area),EN.POP.DNST,18.6327540520249
Papua New Guinea,PNG,Net migration,SM.POP.NETM,-3999
Papua New Guinea,PNG,"International tourism, receipts (current US$)",ST.INT.RCPT.CD,15260000.2288818
Paraguay,PRY,Population growth (annual %),SP.POP.GROW,1.30731699058995
Paraguay,PRY,Population density (people per sq. km of land area),EN.POP.DNST,17.2843241882708
Paraguay,PRY,Net migration,SM.POP.NETM,-82780
Paraguay,PRY,"International tourism, receipts (current US$)",ST.INT.RCPT.CD,399000000
Peru,PER,Population growth (annual %),SP.POP.GROW,1.66193424693243
Peru,PER,Population density (people per sq. km of land area),EN.POP.DNST,24.56585703125
Peru,PER,Net migration,SM.POP.NETM,495345
Peru,PER,"International tourism, receipts (current US$)",ST.INT.RCPT.CD,4573000000
Philippines,PHL,Population growth (annual %),SP.POP.GROW,1.44549280075599
Philippines,PHL,Population density (people per sq. km of land area),EN.POP.DNST,352.72919475467
Philippines,PHL,Net migration,SM.POP.NETM,-335758
Philippines,PHL,"International tourism, receipts (current US$)",ST.INT.RCPT.CD,8349000000
Poland,POL,Population growth (annual %),SP.POP.GROW,0.0124800985844923
Poland,POL,Population density (people per sq. km of land area),EN.POP.DNST,124.0237303635
Poland,POL,Net migration,SM.POP.NETM,-146976
Poland,POL,"International tourism, receipts (current US$)",ST.INT.RCPT.CD,13925000000
Portugal,PRT,Population growth (annual %),SP.POP.GROW,-0.243889410358812
Portugal,PRT,Population density (people per sq. km of land area),EN.POP.DNST,112.441815784188
Portugal,PRT,Net migration,SM.POP.NETM,-30001
Portugal,PRT,"International tourism, receipts (current US$)",ST.INT.RCPT.CD,21586000000
Post-demographic dividend,PST,Population growth (annual %),SP.POP.GROW,0.368205926123792
Post-demographic dividend,PST,Population density (people per sq. km of land area),EN.POP.DNST,35.277630327661
Post-demographic dividend,PST,Net migration,SM.POP.NETM,13892345
Post-demographic dividend,PST,"International tourism, receipts (current US$)",ST.INT.RCPT.CD,934170637887.963
Pre-demographic dividend,PRE,Population growth (annual %),SP.POP.GROW,2.82418333005316
Pre-demographic dividend,PRE,Population density (people per sq. km of land area),EN.POP.DNST,44.1287463413005
Pre-demographic dividend,PRE,Net migration,SM.POP.NETM,-2213380
Pre-demographic dividend,PRE,"International tourism, receipts (current US$)",ST.INT.RCPT.CD,18096161335.8605
Puerto Rico,PRI,Population growth (annual %),SP.POP.GROW,-2.4180176217623
Puerto Rico,PRI,Population density (people per sq. km of land area),EN.POP.DNST,374.891319052988
Puerto Rico,PRI,Net migration,SM.POP.NETM,-489932
Puerto Rico,PRI,"International tourism, receipts (current US$)",ST.INT.RCPT.CD,3868000000
Qatar,QAT,Population growth (annual %),SP.POP.GROW,2.61582932331185
Qatar,QAT,Population density (people per sq. km of land area),EN.POP.DNST,237.138729329852
Qatar,QAT,Net migration,SM.POP.NETM,200000
Qatar,QAT,"International tourism, receipts (current US$)",ST.INT.RCPT.CD,15757000000
Romania,ROU,Population growth (annual %),SP.POP.GROW,-0.585281876382116
Romania,ROU,Population density (people per sq. km of land area),EN.POP.DNST,85.132519123783
Romania,ROU,Net migration,SM.POP.NETM,-369997
Romania,ROU,"International tourism, receipts (current US$)",ST.INT.RCPT.CD,3553000000
Russian Federation,RUS,Population growth (annual %),SP.POP.GROW,0.106871954284237
Russian Federation,RUS,Population density (people per sq. km of land area),EN.POP.DNST,8.82322079860193
Russian Federation,RUS,Net migration,SM.POP.NETM,912279
Russian Federation,RUS,"International tourism, receipts (current US$)",ST.INT.RCPT.CD,14938000000
Rwanda,RWA,Population growth (annual %),SP.POP.GROW,2.63966474965408
Rwanda,RWA,Population density (people per sq. km of land area),EN.POP.DNST,485.648034049453
Rwanda,RWA,Net migration,SM.POP.NETM,-44998
Rwanda,RWA,"International tourism, receipts (current US$)",ST.INT.RCPT.CD,496500000
Samoa,WSM,Population growth (annual %),SP.POP.GROW,0.419096402715414
Samoa,WSM,Population density (people per sq. km of land area),EN.POP.DNST,69.0289752650177
Samoa,WSM,Net migration,SM.POP.NETM,-14013
Samoa,WSM,"International tourism, receipts (current US$)",ST.INT.RCPT.CD,168000000
San Marino,SMR,Population growth (annual %),SP.POP.GROW,0.497209807351974
San Marino,SMR,Population density (people per sq. km of land area),EN.POP.DNST,561.183333333333
San Marino,SMR,Net migration,SM.POP.NETM,..
San Marino,SMR,"International tourism, receipts (current US$)",ST.INT.RCPT.CD,..
Sao Tome and Principe,STP,Population growth (annual %),SP.POP.GROW,1.88250716603422
Sao Tome and Principe,STP,Population density (people per sq. km of land area),EN.POP.DNST,215.717708333333
Sao Tome and Principe,STP,Net migration,SM.POP.NETM,-8401
Sao Tome and Principe,STP,"International tourism, receipts (current US$)",ST.INT.RCPT.CD,65900000
Saudi Arabia,SAU,Population growth (annual %),SP.POP.GROW,2.00360007203309
Saudi Arabia,SAU,Population density (people per sq. km of land area),EN.POP.DNST,15.3971721504031
Saudi Arabia,SAU,Net migration,SM.POP.NETM,674895
Saudi Arabia,SAU,"International tourism, receipts (current US$)",ST.INT.RCPT.CD,15020000000
Senegal,SEN,Population growth (annual %),SP.POP.GROW,2.8006583330572
Senegal,SEN,Population density (people per sq. km of land area),EN.POP.DNST,80.0881992416766
Senegal,SEN,Net migration,SM.POP.NETM,-100001
Senegal,SEN,"International tourism, receipts (current US$)",ST.INT.RCPT.CD,470000000
Serbia,SRB,Population growth (annual %),SP.POP.GROW,-0.532191341024444
Serbia,SRB,Population density (people per sq. km of land area),EN.POP.DNST,80.275074319689
Serbia,SRB,Net migration,SM.POP.NETM,20000
Serbia,SRB,"International tourism, receipts (current US$)",ST.INT.RCPT.CD,1706000000
Seychelles,SYC,Population growth (annual %),SP.POP.GROW,1.22403375818123
Seychelles,SYC,Population density (people per sq. km of land area),EN.POP.DNST,208.354347826087
Seychelles,SYC,Net migration,SM.POP.NETM,-1000
Seychelles,SYC,"International tourism, receipts (current US$)",ST.INT.RCPT.CD,585000000
Sierra Leone,SLE,Population growth (annual %),SP.POP.GROW,2.1542319550644
Sierra Leone,SLE,Population density (people per sq. km of land area),EN.POP.DNST,103.746619562206
Sierra Leone,SLE,Net migration,SM.POP.NETM,-21000
Sierra Leone,SLE,"International tourism, receipts (current US$)",ST.INT.RCPT.CD,39000000
Singapore,SGP,Population growth (annual %),SP.POP.GROW,0.0885954699924263
Singapore,SGP,Population density (people per sq. km of land area),EN.POP.DNST,7915.73060648801
Singapore,SGP,Net migration,SM.POP.NETM,135142
Singapore,SGP,"International tourism, receipts (current US$)",ST.INT.RCPT.CD,19891000000
Sint Maarten (Dutch part),SXM,Population growth (annual %),SP.POP.GROW,1.5023313732953
Sint Maarten (Dutch part),SXM,Population density (people per sq. km of land area),EN.POP.DNST,1193.35294117647
Sint Maarten (Dutch part),SXM,Net migration,SM.POP.NETM,..
Sint Maarten (Dutch part),SXM,"International tourism, receipts (current US$)",ST.INT.RCPT.CD,646000000
Slovak Republic,SVK,Population growth (annual %),SP.POP.GROW,0.155178995687406
Slovak Republic,SVK,Population density (people per sq. km of land area),EN.POP.DNST,113.128785357737
Slovak Republic,SVK,Net migration,SM.POP.NETM,7423
Slovak Republic,SVK,"International tourism, receipts (current US$)",ST.INT.RCPT.CD,3024000000
Slovenia,SVN,Population growth (annual %),SP.POP.GROW,0.0651590392490152
Slovenia,SVN,Population density (people per sq. km of land area),EN.POP.DNST,102.610871929328
Slovenia,SVN,Net migration,SM.POP.NETM,9999
Slovenia,SVN,"International tourism, receipts (current US$)",ST.INT.RCPT.CD,3057000000
Small states,SST,Population growth (annual %),SP.POP.GROW,1.74819137200832
Small states,SST,Population density (people per sq. km of land area),EN.POP.DNST,15.9495320413235
Small states,SST,Net migration,SM.POP.NETM,319841
Small states,SST,"International tourism, receipts (current US$)",ST.INT.RCPT.CD,..
Solomon Islands,SLB,Population growth (annual %),SP.POP.GROW,2.64473090002646
Solomon Islands,SLB,Population density (people per sq. km of land area),EN.POP.DNST,22.7237584851733
Solomon Islands,SLB,Net migration,SM.POP.NETM,-7998
Solomon Islands,SLB,"International tourism, receipts (current US$)",ST.INT.RCPT.CD,79000000
Somalia,SOM,Population growth (annual %),SP.POP.GROW,2.80476948965157
Somalia,SOM,Population density (people per sq. km of land area),EN.POP.DNST,23.2555217266554
Somalia,SOM,Net migration,SM.POP.NETM,-200002
Somalia,SOM,"International tourism, receipts (current US$)",ST.INT.RCPT.CD,..
South Africa,ZAF,Population growth (annual %),SP.POP.GROW,1.40774075042753
South Africa,ZAF,Population density (people per sq. km of land area),EN.POP.DNST,46.987817062213
South Africa,ZAF,Net migration,SM.POP.NETM,727026
South Africa,ZAF,"International tourism, receipts (current US$)",ST.INT.RCPT.CD,9706000000
South Asia,SAS,Population growth (annual %),SP.POP.GROW,1.22339743381674
South Asia,SAS,Population density (people per sq. km of land area),EN.POP.DNST,375.79451943673
South Asia,SAS,Net migration,SM.POP.NETM,-6215366
South Asia,SAS,"International tourism, receipts (current US$)",ST.INT.RCPT.CD,..
South Asia (IDA & IBRD),TSA,Population growth (annual %),SP.POP.GROW,1.22339743381674
South Asia (IDA & IBRD),TSA,Population density (people per sq. km of land area),EN.POP.DNST,375.79451943673
South Asia (IDA & IBRD),TSA,Net migration,SM.POP.NETM,-6215366
South Asia (IDA & IBRD),TSA,"International tourism, receipts (current US$)",ST.INT.RCPT.CD,..
South Sudan,SSD,Population growth (annual %),SP.POP.GROW,0.719738421888599
South Sudan,SSD,Population density (people per sq. km of land area),EN.POP.DNST,17.2653868361264
South Sudan,SSD,Net migration,SM.POP.NETM,-870998
South Sudan,SSD,"International tourism, receipts (current US$)",ST.INT.RCPT.CD,26000000
Spain,ESP,Population growth (annual %),SP.POP.GROW,0.234587922968563
Spain,ESP,Population density (people per sq. km of land area),EN.POP.DNST,93.2709101549633
Spain,ESP,Net migration,SM.POP.NETM,200000
Spain,ESP,"International tourism, receipts (current US$)",ST.INT.RCPT.CD,..
Sri Lanka,LKA,Population growth (annual %),SP.POP.GROW,1.13022048648777
Sri Lanka,LKA,Population density (people per sq. km of land area),EN.POP.DNST,346.46890601522
Sri Lanka,LKA,Net migration,SM.POP.NETM,-489932
Sri Lanka,LKA,"International tourism, receipts (current US$)",ST.INT.RCPT.CD,5083000000
St. Kitts and Nevis,KNA,Population growth (annual %),SP.POP.GROW,0.785225661948472
St. Kitts and Nevis,KNA,Population density (people per sq. km of land area),EN.POP.DNST,200.138461538462
St. Kitts and Nevis,KNA,Net migration,SM.POP.NETM,..
St. Kitts and Nevis,KNA,"International tourism, receipts (current US$)",ST.INT.RCPT.CD,355000000
St. Lucia,LCA,Population growth (annual %),SP.POP.GROW,0.515820623507706
St. Lucia,LCA,Population density (people per sq. km of land area),EN.POP.DNST,296.647540983607
St. Lucia,LCA,Net migration,SM.POP.NETM,0
St. Lucia,LCA,"International tourism, receipts (current US$)",ST.INT.RCPT.CD,875000000
St. Martin (French part),MAF,Population growth (annual %),SP.POP.GROW,1.36318806303135
St. Martin (French part),MAF,Population density (people per sq. km of land area),EN.POP.DNST,731.2
St. Martin (French part),MAF,Net migration,SM.POP.NETM,..
St. Martin (French part),MAF,"International tourism, receipts (current US$)",ST.INT.RCPT.CD,..
St. Vincent and the Grenadines,VCT,Population growth (annual %),SP.POP.GROW,0.335635056923542
St. Vincent and the Grenadines,VCT,Population density (people per sq. km of land area),EN.POP.DNST,281.607692307692
St. Vincent and the Grenadines,VCT,Net migration,SM.POP.NETM,-1000
St. Vincent and the Grenadines,VCT,"International tourism, receipts (current US$)",ST.INT.RCPT.CD,216399993.896484
Sub-Saharan Africa,SSF,Population growth (annual %),SP.POP.GROW,2.70184977037187
Sub-Saharan Africa,SSF,Population density (people per sq. km of land area),EN.POP.DNST,44.0263874244473
Sub-Saharan Africa,SSF,Net migration,SM.POP.NETM,-1814121
Sub-Saharan Africa,SSF,"International tourism, receipts (current US$)",ST.INT.RCPT.CD,34084611185.1114
Sub-Saharan Africa (excluding high income),SSA,Population growth (annual %),SP.POP.GROW,2.7052174003298
Sub-Saharan Africa (excluding high income),SSA,Population density (people per sq. km of land area),EN.POP.DNST,43.9739424442791
Sub-Saharan Africa (excluding high income),SSA,Net migration,SM.POP.NETM,-1813121
Sub-Saharan Africa (excluding high income),SSA,"International tourism, receipts (current US$)",ST.INT.RCPT.CD,31255167369.1312
Sub-Saharan Africa (IDA & IBRD countries),TSS,Population growth (annual %),SP.POP.GROW,2.70184977037187
Sub-Saharan Africa (IDA & IBRD countries),TSS,Population density (people per sq. km of land area),EN.POP.DNST,44.0263874244473
Sub-Saharan Africa (IDA & IBRD countries),TSS,Net migration,SM.POP.NETM,-1814121
Sub-Saharan Africa (IDA & IBRD countries),TSS,"International tourism, receipts (current US$)",ST.INT.RCPT.CD,34084611185.1114
Sudan,SDN,Population growth (annual %),SP.POP.GROW,2.39521985845548
Sudan,SDN,Population density (people per sq. km of land area),EN.POP.DNST,22.0703743741656
Sudan,SDN,Net migration,SM.POP.NETM,-250001
Sudan,SDN,"International tourism, receipts (current US$)",ST.INT.RCPT.CD,1029000000
Suriname,SUR,Population growth (annual %),SP.POP.GROW,0.989629209249985
Suriname,SUR,Population density (people per sq. km of land area),EN.POP.DNST,3.65705769230769
Suriname,SUR,Net migration,SM.POP.NETM,-4999
Suriname,SUR,"International tourism, receipts (current US$)",ST.INT.RCPT.CD,61000000
Sweden,SWE,Population growth (annual %),SP.POP.GROW,1.34744505956262
Sweden,SWE,Population density (people per sq. km of land area),EN.POP.DNST,24.6929807763129
Sweden,SWE,Net migration,SM.POP.NETM,200000
Sweden,SWE,"International tourism, receipts (current US$)",ST.INT.RCPT.CD,..
Switzerland,CHE,Population growth (annual %),SP.POP.GROW,0.933155888738653
Switzerland,CHE,Population density (people per sq. km of land area),EN.POP.DNST,213.883833978261
Switzerland,CHE,Net migration,SM.POP.NETM,259999
Switzerland,CHE,"International tourism, receipts (current US$)",ST.INT.RCPT.CD,20399000000
Syrian Arab Republic,SYR,Population growth (annual %),SP.POP.GROW,-2.23595275680349
Syrian Arab Republic,SYR,Population density (people per sq. km of land area),EN.POP.DNST,92.9477863094266
Syrian Arab Republic,SYR,Net migration,SM.POP.NETM,-2136954
Syrian Arab Republic,SYR,"International tourism, receipts (current US$)",ST.INT.RCPT.CD,..
Tajikistan,TJK,Population growth (annual %),SP.POP.GROW,2.47038200852032
Tajikistan,TJK,Population density (people per sq. km of land area),EN.POP.DNST,63.9834858419194
Tajikistan,TJK,Net migration,SM.POP.NETM,-99999
Tajikistan,TJK,"International tourism, receipts (current US$)",ST.INT.RCPT.CD,171600006.103516
Tanzania,TZA,Population growth (annual %),SP.POP.GROW,2.99538813201206
Tanzania,TZA,Population density (people per sq. km of land area),EN.POP.DNST,61.7113411605329
Tanzania,TZA,Net migration,SM.POP.NETM,-200381
Tanzania,TZA,"International tourism, receipts (current US$)",ST.INT.RCPT.CD,2265000000
Thailand,THA,Population growth (annual %),SP.POP.GROW,0.345238362243297
Thailand,THA,Population density (people per sq. km of land area),EN.POP.DNST,135.469196891699
Thailand,THA,Net migration,SM.POP.NETM,97222
Thailand,THA,"International tourism, receipts (current US$)",ST.INT.RCPT.CD,57057000000
Timor-Leste,TLS,Population growth (annual %),SP.POP.GROW,1.94706845283767
Timor-Leste,TLS,Population density (people per sq. km of land area),EN.POP.DNST,83.6086751849361
Timor-Leste,TLS,Net migration,SM.POP.NETM,-26924
Timor-Leste,TLS,"International tourism, receipts (current US$)",ST.INT.RCPT.CD,73000000
Togo,TGO,Population growth (annual %),SP.POP.GROW,2.47931830191209
Togo,TGO,Population density (people per sq. km of land area),EN.POP.DNST,141.542103327818
Togo,TGO,Net migration,SM.POP.NETM,-9999
Togo,TGO,"International tourism, receipts (current US$)",ST.INT.RCPT.CD,245000000
Tonga,TON,Population growth (annual %),SP.POP.GROW,0.851672298691286
Tonga,TON,Population density (people per sq. km of land area),EN.POP.DNST,141.663888888889
Tonga,TON,Net migration,SM.POP.NETM,-3999
Tonga,TON,"International tourism, receipts (current US$)",ST.INT.RCPT.CD,48500000
Trinidad and Tobago,TTO,Population growth (annual %),SP.POP.GROW,0.47131570180186
Trinidad and Tobago,TTO,Population density (people per sq. km of land area),EN.POP.DNST,269.799610136452
Trinidad and Tobago,TTO,Net migration,SM.POP.NETM,-3999
Trinidad and Tobago,TTO,"International tourism, receipts (current US$)",ST.INT.RCPT.CD,717000000
Tunisia,TUN,Population growth (annual %),SP.POP.GROW,1.13907889937654
Tunisia,TUN,Population density (people per sq. km of land area),EN.POP.DNST,73.5932221936148
Tunisia,TUN,Net migration,SM.POP.NETM,-20000
Tunisia,TUN,"International tourism, receipts (current US$)",ST.INT.RCPT.CD,1782000000
Turkey,TUR,Population growth (annual %),SP.POP.GROW,1.5910592088242
Turkey,TUR,Population density (people per sq. km of land area),EN.POP.DNST,105.377768538129
Turkey,TUR,Net migration,SM.POP.NETM,1419610
Turkey,TUR,"International tourism, receipts (current US$)",ST.INT.RCPT.CD,31993000000
Turkmenistan,TKM,Population growth (annual %),SP.POP.GROW,1.66898196025681
Turkmenistan,TKM,Population density (people per sq. km of land area),EN.POP.DNST,12.2521843678846
Turkmenistan,TKM,Net migration,SM.POP.NETM,-25001
Turkmenistan,TKM,"International tourism, receipts (current US$)",ST.INT.RCPT.CD,..
Turks and Caicos Islands,TCA,Population growth (annual %),SP.POP.GROW,1.5093806655235
Turks and Caicos Islands,TCA,Population density (people per sq. km of land area),EN.POP.DNST,39.0684210526316
Turks and Caicos Islands,TCA,Net migration,SM.POP.NETM,..
Turks and Caicos Islands,TCA,"International tourism, receipts (current US$)",ST.INT.RCPT.CD,..
Tuvalu,TUV,Population growth (annual %),SP.POP.GROW,1.28348741341266
Tuvalu,TUV,Population density (people per sq. km of land area),EN.POP.DNST,379
Tuvalu,TUV,Net migration,SM.POP.NETM,..
Tuvalu,TUV,"International tourism, receipts (current US$)",ST.INT.RCPT.CD,..
Uganda,UGA,Population growth (annual %),SP.POP.GROW,3.74987516893954
Uganda,UGA,Population density (people per sq. km of land area),EN.POP.DNST,205.27860063834
Uganda,UGA,Net migration,SM.POP.NETM,843469
Uganda,UGA,"International tourism, receipts (current US$)",ST.INT.RCPT.CD,957000000
Ukraine,UKR,Population growth (annual %),SP.POP.GROW,-0.3863475328862
Ukraine,UKR,Population density (people per sq. km of land area),EN.POP.DNST,77.388460210599
Ukraine,UKR,Net migration,SM.POP.NETM,50001
Ukraine,UKR,"International tourism, receipts (current US$)",ST.INT.RCPT.CD,2019000000
United Arab Emirates,ARE,Population growth (annual %),SP.POP.GROW,1.33938520204812
United Arab Emirates,ARE,Population density (people per sq. km of land area),EN.POP.DNST,133.584947901999
United Arab Emirates,ARE,Net migration,SM.POP.NETM,200000
United Arab Emirates,ARE,"International tourism, receipts (current US$)",ST.INT.RCPT.CD,21049000000
United Kingdom,GBR,Population growth (annual %),SP.POP.GROW,0.679374473924223
United Kingdom,GBR,Population density (people per sq. km of land area),EN.POP.DNST,273.049472988054
United Kingdom,GBR,Net migration,SM.POP.NETM,1303250
United Kingdom,GBR,"International tourism, receipts (current US$)",ST.INT.RCPT.CD,..
United States,USA,Population growth (annual %),SP.POP.GROW,0.631007893230758
United States,USA,Population density (people per sq. km of land area),EN.POP.DNST,35.5275628537883
United States,USA,Net migration,SM.POP.NETM,4774029
United States,USA,"International tourism, receipts (current US$)",ST.INT.RCPT.CD,231123000000
Upper middle income,UMC,Population growth (annual %),SP.POP.GROW,0.784909585304263
Upper middle income,UMC,Population density (people per sq. km of land area),EN.POP.DNST,48.8745861883084
Upper middle income,UMC,Net migration,SM.POP.NETM,-1562415
Upper middle income,UMC,"International tourism, receipts (current US$)",ST.INT.RCPT.CD,..
Uruguay,URY,Population growth (annual %),SP.POP.GROW,0.364798682534904
Uruguay,URY,Population density (people per sq. km of land area),EN.POP.DNST,19.635733059079
Uruguay,URY,Net migration,SM.POP.NETM,-15000
Uruguay,URY,"International tourism, receipts (current US$)",ST.INT.RCPT.CD,2660000000
Uzbekistan,UZB,Population growth (annual %),SP.POP.GROW,1.68350632535532
Uzbekistan,UZB,Population density (people per sq. km of land area),EN.POP.DNST,73.5123823444632
Uzbekistan,UZB,Net migration,SM.POP.NETM,-44314
Uzbekistan,UZB,"International tourism, receipts (current US$)",ST.INT.RCPT.CD,835000000
Vanuatu,VUT,Population growth (annual %),SP.POP.GROW,2.54695946892335
Vanuatu,VUT,Population density (people per sq. km of land area),EN.POP.DNST,23.4216570959803
Vanuatu,VUT,Net migration,SM.POP.NETM,600
Vanuatu,VUT,"International tourism, receipts (current US$)",ST.INT.RCPT.CD,289000000
"Venezuela, RB",VEN,Population growth (annual %),SP.POP.GROW,-1.53884283128309
"Venezuela, RB",VEN,Population density (people per sq. km of land area),EN.POP.DNST,33.3205702624568
"Venezuela, RB",VEN,Net migration,SM.POP.NETM,-3266243
"Venezuela, RB",VEN,"International tourism, receipts (current US$)",ST.INT.RCPT.CD,..
Vietnam,VNM,Population growth (annual %),SP.POP.GROW,1.01779627244618
Vietnam,VNM,Population density (people per sq. km of land area),EN.POP.DNST,305.08156867804
Vietnam,VNM,Net migration,SM.POP.NETM,-399999
Vietnam,VNM,"International tourism, receipts (current US$)",ST.INT.RCPT.CD,8890000000
Virgin Islands (U.S.),VIR,Population growth (annual %),SP.POP.GROW,-0.225349060342092
Virgin Islands (U.S.),VIR,Population density (people per sq. km of land area),EN.POP.DNST,306.48
Virgin Islands (U.S.),VIR,Net migration,SM.POP.NETM,-2254
Virgin Islands (U.S.),VIR,"International tourism, receipts (current US$)",ST.INT.RCPT.CD,1202000000
West Bank and Gaza,PSE,Population growth (annual %),SP.POP.GROW,1.98868634871278
West Bank and Gaza,PSE,Population density (people per sq. km of land area),EN.POP.DNST,740.000830564784
West Bank and Gaza,PSE,Net migration,SM.POP.NETM,-52816
West Bank and Gaza,PSE,"International tourism, receipts (current US$)",ST.INT.RCPT.CD,225000000
World,WLD,Population growth (annual %),SP.POP.GROW,1.14204024961973
World,WLD,Population density (people per sq. km of land area),EN.POP.DNST,57.7816375261368
World,WLD,Net migration,SM.POP.NETM,0
World,WLD,"International tourism, receipts (current US$)",ST.INT.RCPT.CD,1629725381733.64
"Yemen, Rep.",YEM,Population growth (annual %),SP.POP.GROW,2.42402510811024
"Yemen, Rep.",YEM,Population density (people per sq. km of land area),EN.POP.DNST,52.7204594958047
"Yemen, Rep.",YEM,Net migration,SM.POP.NETM,-150000
"Yemen, Rep.",YEM,"International tourism, receipts (current US$)",ST.INT.RCPT.CD,..
Zambia,ZMB,Population growth (annual %),SP.POP.GROW,2.95158327478263
Zambia,ZMB,Population density (people per sq. km of land area),EN.POP.DNST,22.6713945573656
Zambia,ZMB,Net migration,SM.POP.NETM,-40000
Zambia,ZMB,"International tourism, receipts (current US$)",ST.INT.RCPT.CD,..
Zimbabwe,ZWE,Population growth (annual %),SP.POP.GROW,1.46006070897861
Zimbabwe,ZWE,Population density (people per sq. km of land area),EN.POP.DNST,36.8017190125372
Zimbabwe,ZWE,Net migration,SM.POP.NETM,-584288
Zimbabwe,ZWE,"International tourism, receipts (current US$)",ST.INT.RCPT.CD,158000000
,,,,
,,,,
,,,,
Data from database: World Development Indicators,,,,
Last Updated: 02/17/2021,,,,
